Load_I_490,Load_I_495,Load_I_494,Load_I_749,Load_I_486,Load_I_487,Load_I_493,Load_I_748,Load_I_747,Load_I_492,Load_I_489,Load_I_491,Load_I_496
2.226762002,3.896833504,0,10.02042901,23.38100102,10.57711951,2.226762002,0,1.113381001,5.566905005,1.670071502,11.69050051,0
2.78515492,4.87402111,0,12.53319714,29.24412666,13.22948587,2.78515492,0,1.39257746,6.9628873,2.08886619,14.62206333,0
2.308478039,4.039836568,0,10.38815117,24.23901941,10.96527068,2.308478039,0,1.154239019,5.771195097,1.731358529,12.1195097,0
2.723867892,4.766768812,0,12.25740552,28.60061287,12.93837249,2.723867892,0,1.361933946,6.809669731,2.042900919,14.30030644,0
2.349336057,4.1113381,0,10.57201226,24.6680286,11.15934627,2.349336057,0,1.174668029,5.873340143,1.762002043,12.3340143,0
2.839632278,4.969356486,0,12.77834525,29.81613892,13.48825332,2.839632278,0,1.419816139,7.099080695,2.129724208,14.90806946,0
2.213142663,3.87299966,0,9.959141982,23.23799796,10.51242765,2.213142663,0,1.106571331,5.532856656,1.659856997,11.61899898,0
2.696629213,4.719101124,0,12.13483146,28.31460674,12.80898876,2.696629213,0,1.348314607,6.741573034,2.02247191,14.15730337,0
2.403813415,4.206673476,0,10.81716037,25.24004086,11.41811372,2.403813415,0,1.201906708,6.009533538,1.802860061,12.62002043,0
2.397003745,4.194756554,0,10.78651685,25.16853933,11.38576779,2.397003745,0,1.198501873,5.992509363,1.797752809,12.58426966,0
2.574055158,4.504596527,0,11.58324821,27.02757916,12.226762,2.574055158,0,1.287027579,6.435137896,1.930541369,13.51378958,0
2.165474974,3.789581205,0,9.744637385,22.73748723,10.28600613,2.165474974,0,1.082737487,5.413687436,1.624106231,11.36874362,0
2.77834525,4.862104188,0,12.50255363,29.17262513,13.19713994,2.77834525,0,1.389172625,6.945863126,2.083758938,14.58631256,0
2.342526387,4.099421178,0,10.54136874,24.59652707,11.12700034,2.342526387,0,1.171263194,5.856315969,1.756894791,12.29826353,0
2.492339122,4.361593463,0,11.21552605,26.16956078,11.83861083,2.492339122,0,1.246169561,6.230847804,1.869254341,13.08478039,0
2.512768131,4.397344229,0,11.30745659,26.38406537,11.93564862,2.512768131,0,1.256384065,6.281920327,1.884576098,13.19203269,0
2.492339122,4.361593463,0,11.21552605,26.16956078,11.83861083,2.492339122,0,1.246169561,6.230847804,1.869254341,13.08478039,0
2.301668369,4.027919646,0,10.35750766,24.16751788,10.93292475,2.301668369,0,1.150834185,5.754170923,1.726251277,12.08375894,0
2.628532516,4.599931903,0,11.82839632,27.59959142,12.48552945,2.628532516,0,1.314266258,6.57133129,1.971399387,13.79979571,0
2.328907048,4.075587334,0,10.48008172,24.453524,11.06230848,2.328907048,0,1.164453524,5.82226762,1.746680286,12.226762,0
4.385427307,7.674497787,0,19.73442288,46.04698672,20.83077971,4.385427307,0,2.192713653,10.96356827,3.28907048,23.02349336,0
12.33231188,21.5815458,0,55.49540347,129.4892748,58.57848144,12.33231188,0,6.166155941,30.83077971,9.249233912,64.74463739,0
10.12597889,17.72046306,0,45.56690501,106.3227783,48.09839973,10.12597889,0,5.062989445,25.31494723,7.594484168,53.16138917,0
10.79332652,18.88832142,0,48.56996936,113.3299285,51.26830099,10.79332652,0,5.396663262,26.98331631,8.094994893,56.66496425,0
10.18726592,17.82771536,0,45.84269663,106.9662921,48.38951311,10.18726592,0,5.093632959,25.46816479,7.640449438,53.48314607,0
9.077289751,15.88525707,0,40.84780388,95.31154239,43.11712632,9.077289751,0,4.538644876,22.69322438,6.807967314,47.6557712,0
8.729996595,15.27749404,0,39.28498468,91.66496425,41.46748383,8.729996595,0,4.364998298,21.82499149,6.547497446,45.83248212,0
12.40040858,21.70071502,0,55.80183861,130.2042901,58.90194076,12.40040858,0,6.20020429,31.00102145,9.300306435,65.10214505,0
13.5648621,23.73850868,0,61.04187947,142.4310521,64.43309499,13.5648621,0,6.782431052,33.91215526,10.17364658,71.21552605,0
12.01225741,21.02145046,0,54.05515832,126.1287028,57.05822268,12.01225741,0,6.006128703,30.03064351,9.009193054,63.06435138,0
7.551923732,13.21586653,0,33.98365679,79.29519918,35.87163773,7.551923732,0,3.775961866,18.87980933,5.663942799,39.64759959,0
5.631596868,9.855294518,0,25.3421859,59.13176711,26.75008512,5.631596868,0,2.815798434,14.07899217,4.223697651,29.56588355,0
8.981954375,15.71842016,0,40.41879469,94.31052094,42.66428328,8.981954375,0,4.490977188,22.45488594,6.736465781,47.15526047,0
8.076268301,14.13346953,0,36.34320735,84.80081716,38.36227443,8.076268301,0,4.03813415,20.19067075,6.057201226,42.40040858,0
7.272727273,12.72727273,0,32.72727273,76.36363636,34.54545455,7.272727273,0,3.636363636,18.18181818,5.454545455,38.18181818,0
6.026557712,10.546476,0,27.1195097,63.27885598,28.62614913,6.026557712,0,3.013278856,15.06639428,4.519918284,31.63942799,0
5.257065032,9.199863807,0,23.65679265,55.19918284,24.9710589,5.257065032,0,2.628532516,13.14266258,3.942798774,27.59959142,0
8.498467824,14.87231869,0,38.24310521,89.23391216,40.36772217,8.498467824,0,4.249233912,21.24616956,6.373850868,44.61695608,0
5.869935308,10.27238679,0,26.41470889,61.63432074,27.88219271,5.869935308,0,2.934967654,14.67483827,4.402451481,30.81716037,0
6.748382703,11.80966973,0,30.36772217,70.85801839,32.05481784,6.748382703,0,3.374191352,16.87095676,5.061287028,35.42900919,0
5.788219271,10.12938372,0,26.04698672,60.77630235,27.49404154,5.788219271,0,2.894109636,14.47054818,4.341164454,30.38815117,0
3.840653728,6.721144025,0,17.28294178,40.32686415,18.24310521,3.840653728,0,1.920326864,9.601634321,2.880490296,20.16343207,0
4.630575417,8.10350698,0,20.83758938,48.62104188,21.99523323,4.630575417,0,2.315287709,11.57643854,3.472931563,24.31052094,0
3.009874021,5.267279537,0,13.54443309,31.60367722,14.2969016,3.009874021,0,1.504937011,7.524685053,2.257405516,15.80183861,0
2.308478039,4.039836568,0,10.38815117,24.23901941,10.96527068,2.308478039,0,1.154239019,5.771195097,1.731358529,12.1195097,0
2.955396663,5.171944161,0,13.29928498,31.03166496,14.03813415,2.955396663,0,1.477698332,7.388491658,2.216547497,15.51583248,0
2.28123936,3.99216888,0,10.26557712,23.95301328,10.83588696,2.28123936,0,1.14061968,5.7030984,1.71092952,11.97650664,0
3.54783793,6.208716377,0,15.96527068,37.25229826,16.85223017,3.54783793,0,1.773918965,8.869594825,2.660878447,18.62614913,0
1.797752809,3.146067416,0,8.08988764,18.87640449,8.539325843,1.797752809,0,0.898876404,4.494382022,1.348314607,9.438202247,0
2.233571672,3.908750426,0,10.05107252,23.45250255,10.60946544,2.233571672,0,1.116785836,5.583929179,1.675178754,11.72625128,0
2.315287709,4.05175349,0,10.41879469,24.31052094,10.99761662,2.315287709,0,1.157643854,5.788219271,1.736465781,12.15526047,0
4.174327545,7.305073204,0,18.78447395,43.83043922,19.82805584,4.174327545,0,2.087163773,10.43581886,3.130745659,21.91521961,0
4.106230848,7.185903984,0,18.47803882,43.1154239,19.50459653,4.106230848,0,2.053115424,10.26557712,3.079673136,21.55771195,0
8.416751788,14.72931563,0,37.87538304,88.37589377,39.97957099,8.416751788,0,4.208375894,21.04187947,6.312563841,44.18794688,0
6.57133129,11.49982976,0,29.57099081,68.99897855,31.21382363,6.57133129,0,3.285665645,16.42832823,4.928498468,34.49948927,0
6.986721144,12.226762,0,31.44024515,73.36057201,33.18692543,6.986721144,0,3.493360572,17.46680286,5.240040858,36.68028601,0
5.291113381,9.259448417,0,23.81001021,55.5566905,25.13278856,5.291113381,0,2.645556691,13.22778345,3.968335036,27.77834525,0
6.775621382,11.85733742,0,30.49029622,71.14402451,32.18420157,6.775621382,0,3.387810691,16.93905346,5.081716037,35.57201226,0
6.401089547,11.20190671,0,28.80490296,67.21144025,30.40517535,6.401089547,0,3.200544774,16.00272387,4.80081716,33.60572012,0
6.012938372,10.52264215,0,27.05822268,63.13585291,28.56145727,6.012938372,0,3.006469186,15.03234593,4.509703779,31.56792646,0
5.141300647,8.997276132,0,23.13585291,53.98365679,24.42117807,5.141300647,0,2.570650323,12.85325162,3.855975485,26.9918284,0
4.031324481,7.054817841,0,18.14096016,42.32890705,19.14879128,4.031324481,0,2.01566224,10.0783112,3.023493361,21.16445352,0
3.105209397,5.434116445,0,13.97344229,32.60469867,14.74974464,3.105209397,0,1.552604699,7.763023493,2.328907048,16.30234934,0
3.118828737,5.457950289,0,14.03472932,32.74770174,14.8144365,3.118828737,0,1.559414368,7.797071842,2.339121553,16.37385087,0
2.982635342,5.219611849,0,13.42185904,31.31767109,14.16751788,2.982635342,0,1.491317671,7.456588355,2.236976507,15.65883555,0
3.057541709,5.350697991,0,13.75893769,32.10418795,14.52332312,3.057541709,0,1.528770855,7.643854273,2.293156282,16.05209397,0
2.894109636,5.064691862,0,13.02349336,30.38815117,13.74702077,2.894109636,0,1.447054818,7.235274089,2.170582227,15.19407559,0
2.717058223,4.75485189,0,12.226762,28.52911134,12.90602656,2.717058223,0,1.358529111,6.792645557,2.037793667,14.26455567,0
2.832822608,4.957439564,0,12.74770174,29.74463739,13.45590739,2.832822608,0,1.416411304,7.08205652,2.124616956,14.87231869,0
2.335716718,4.087504256,0,10.51072523,24.52502554,11.09465441,2.335716718,0,1.167858359,5.839291794,1.751787538,12.26251277,0
2.969016003,5.195778005,0,13.36057201,31.17466803,14.10282601,2.969016003,0,1.484508001,7.422540007,2.226762002,15.58733401,0
2.846441948,4.981273408,0,12.80898876,29.88764045,13.52059925,2.846441948,0,1.423220974,7.116104869,2.134831461,14.94382022,0
2.764725911,4.838270344,0,12.4412666,29.02962206,13.13244808,2.764725911,0,1.382362955,6.911814777,2.073544433,14.51481103,0
2.77834525,4.862104188,0,12.50255363,29.17262513,13.19713994,2.77834525,0,1.389172625,6.945863126,2.083758938,14.58631256,0
2.635342186,4.611848825,0,11.85903984,27.67109295,12.51787538,2.635342186,0,1.317671093,6.588355465,1.976506639,13.83554648,0
2.757916241,4.826353422,0,12.41062308,28.95812053,13.10010215,2.757916241,0,1.378958121,6.894790603,2.068437181,14.47906027,0
2.451481103,4.290091931,0,11.03166496,25.74055158,11.64453524,2.451481103,0,1.225740552,6.128702758,1.838610827,12.87027579,0
3.023493361,5.291113381,0,13.60572012,31.74668029,14.36159346,3.023493361,0,1.51174668,7.558733401,2.26762002,15.87334014,0
2.614913177,4.576098059,0,11.7671093,27.45658836,12.42083759,2.614913177,0,1.307456588,6.537282942,1.961184883,13.72829418,0
2.955396663,5.171944161,0,13.29928498,31.03166496,14.03813415,2.955396663,0,1.477698332,7.388491658,2.216547497,15.51583248,0
2.567245489,4.492679605,0,11.5526047,26.95607763,12.19441607,2.567245489,0,1.283622744,6.418113721,1.925434116,13.47803882,0
2.839632278,4.969356486,0,12.77834525,29.81613892,13.48825332,2.839632278,0,1.419816139,7.099080695,2.129724208,14.90806946,0
2.608103507,4.564181137,0,11.73646578,27.38508682,12.38849166,2.608103507,0,1.304051753,6.520258767,1.95607763,13.69254341,0
2.78515492,4.87402111,0,12.53319714,29.24412666,13.22948587,2.78515492,0,1.39257746,6.9628873,2.08886619,14.62206333,0
2.805583929,4.909771876,0,12.62512768,29.45863126,13.32652366,2.805583929,0,1.402791965,7.013959823,2.104187947,14.72931563,0
2.485529452,4.349676541,0,11.18488253,26.09805924,11.8062649,2.485529452,0,1.242764726,6.21382363,1.864147089,13.04902962,0
2.921348315,5.112359551,0,13.14606742,30.6741573,13.87640449,2.921348315,0,1.460674157,7.303370787,2.191011236,15.33707865,0
2.648961525,4.635682669,0,11.92032686,27.81409602,12.58256725,2.648961525,0,1.324480763,6.622403813,1.986721144,13.90704801,0
2.914538645,5.100442629,0,13.1154239,30.60265577,13.84405856,2.914538645,0,1.457269322,7.286346612,2.185903984,15.30132789,0
2.206332993,3.861082737,0,9.928498468,23.16649642,10.48008172,2.206332993,0,1.103166496,5.515832482,1.654749745,11.58324821,0
2.846441948,4.981273408,0,12.80898876,29.88764045,13.52059925,2.846441948,0,1.423220974,7.116104869,2.134831461,14.94382022,0
2.567245489,4.492679605,0,11.5526047,26.95607763,12.19441607,2.567245489,0,1.283622744,6.418113721,1.925434116,13.47803882,0
2.826012938,4.945522642,0,12.71705822,29.67313585,13.42356146,2.826012938,0,1.413006469,7.065032346,2.119509704,14.83656793,0
2.342526387,4.099421178,0,10.54136874,24.59652707,11.12700034,2.342526387,0,1.171263194,5.856315969,1.756894791,12.29826353,0
2.689819544,4.707184202,0,12.10418795,28.24310521,12.77664283,2.689819544,0,1.344909772,6.724548859,2.017364658,14.1215526,0
2.499148791,4.373510385,0,11.24616956,26.24106231,11.87095676,2.499148791,0,1.249574396,6.247871978,1.874361593,13.12053115,0