PV_490,PV_495,PV_494,PV_749,PV_486,PV_487,PV_493,PV_748,PV_747,PV_492,PV_489,PV_491,PV_496
0,0,0,0,0,0,0,0,0,0,0,0,0
0,0,0,0,0,0,0,0,0,0,0,0,0
0,0,0,0,0,0,0,0,0,0,0,0,0
0,0,0,0,0,0,0,0,0,0,0,0,0
0,0,0,0,0,0,0,0,0,0,0,0,0
0,0,0,0,0,0,0,0,0,0,0,0,0
0,0,0,0,0,0,0,0,0,0,0,0,0
0,0,0,0,0,0,0,0,0,0,0,0,0
0,0,0,0,0,0,0,0,0,0,0,0,0
0,0,0,0,0,0,0,0,0,0,0,0,0
0,0,0,0,0,0,0,0,0,0,0,0,0
0,0,0,0,0,0,0,0,0,0,0,0,0
0,0,0,0,0,0,0,0,0,0,0,0,0
0,0,0,0,0,0,0,0,0,0,0,0,0
0,0,0,0,0,0,0,0,0,0,0,0,0
0,0,0,0,0,0,0,0,0,0,0,0,0
0,0,0,0,0,0,0,0,0,0,0,0,0
0,0,0,0,0,0,0,0,0,0,0,0,0
0,0,0,0,0,0,0,0,0,0,0,0,0
0,0,0,0,0,0,0,0,0,0,0,0,0
0,0,0,0,0,0,0,0,0,0,0,0,0
0,0,0,0,0,0,0,0,0,0,0,0,0
0.000133102,0.000163352,0,0,0.000311579,6.65509E-05,0.000307042,0.008248277,0.026922861,0.0003503,0.000432581,0,0
0.001479094,0.001815251,0,0,0.003462424,0.000739547,0.003412,0.091658982,0.299180294,0.003892705,0.004807054,0,0
0.01695384,0.020806985,0,0,0.039687398,0.00847692,0.039109426,1.050624322,3.429299436,0.044619424,0.05509998,0,0
0.133450762,0.16378048,0,0,0.312396101,0.066725381,0.307846643,8.269903257,26.99344951,0.351218141,0.433714975,0,0
0.280727471,0.344529169,0,0,0.657157489,0.140363736,0.647587235,17.39659632,56.78351121,0.738823663,0.912364281,0,0
0.488959391,0.600086526,0,0,1.144609484,0.244479696,1.127940414,30.3006653,98.90314958,1.286852216,1.589118021,0,0
0.797625967,0.978904596,0,0,1.867169877,0.398812983,1.839978083,49.42863947,161.3379797,2.099206522,2.592284393,0,0
1.08398094,1.330340245,0,0,2.537500837,0.54199047,2.500546941,67.17397037,219.259781,2.852840747,3.522938055,0,0
1.535720081,1.884747372,0,0,3.594981098,0.76786004,3.542627004,95.16810803,310.634289,4.04173603,4.991090262,0,0
2.031181494,2.492813652,0,0,4.754811225,1.015590747,4.685566401,125.8717017,410.8526204,5.345700387,6.601339856,0,0
2.517184154,3.089271461,0,0,5.892499269,1.258592077,5.806686173,155.9891392,509.1577038,6.624771023,8.1808485,0,0
3.048784574,3.741690159,0,0,7.136927525,1.524392287,7.032991687,188.9322562,616.6859706,8.023846673,9.908549864,0,0
3.645981297,4.47461341,0,0,8.534910763,1.822990648,8.410615946,225.9403561,737.4825805,9.595559867,11.84943921,0,0
4.270394631,5.240938866,0,0,9.996605614,2.135197316,9.851023979,264.6350613,863.7843686,11.23890223,13.87878255,0,0
4.847329727,5.948995574,0,0,11.34715823,2.423664864,11.18190835,300.3875543,980.4826039,12.75729051,15.75382161,0,0
5.491510133,6.739580618,0,0,12.85512599,2.745755066,12.66791542,340.3072188,1110.782731,14.45265621,17.84740793,0,0
6.08611761,7.469326158,0,0,14.24704804,3.043058805,14.03956676,377.154864,1231.055608,16.01755498,19.77988223,0,0
6.651415035,8.16310027,0,0,15.57035792,3.325707517,15.34360514,412.1861741,1345.399859,17.50531502,21.61709886,0,0
7.025329978,8.621995882,0,0,16.44565881,3.512664989,16.20615893,435.3575698,1421.032655,18.48939117,22.83232243,0,0
7.487828734,9.189607992,0,0,17.52832635,3.743914367,17.27305947,464.0184776,1514.583539,19.7066038,24.33544338,0,0
7.958085868,9.766741748,0,0,18.62915556,3.979042934,18.35785717,493.1601697,1609.703732,20.94423508,25.86377907,0,0
8.2915961,10.17604976,0,0,19.40987269,4.14579805,19.12720464,513.8276977,1677.163757,21.82197337,26.94768733,0,0
8.91975833,10.94697613,0,0,20.88034336,4.459879165,20.57626069,552.7547207,1804.223844,23.47518215,28.98921457,0,0
9.305953368,11.42094277,0,0,21.78439084,4.652976684,21.46714243,576.6871102,1882.340568,24.49157727,30.24434845,0,0
9.676784717,11.87605397,0,0,22.65247331,4.838392358,22.32258293,599.6674165,1957.349636,25.46753796,31.44955033,0,0
9.762205075,11.98088805,0,0,22.85243461,4.881102538,22.51963216,604.9608903,1974.627845,25.69234881,31.72716649,0,0
9.989412319,12.2597333,0,0,23.38430611,4.994706159,23.04375796,619.0408543,2020.585674,26.29031697,32.46559004,0,0
10.13624813,12.43994088,0,0,23.72803539,5.068124064,23.38248148,628.1402249,2050.286553,26.67676212,32.94280642,0,0
10.16060264,12.46983051,0,0,23.78504708,5.080301318,23.4386629,629.6494664,2055.212806,26.74085875,33.02195857,0,0
10.50088276,12.88744702,0,0,24.58161191,5.250441379,24.22362727,650.7365224,2124.042194,27.63641417,34.12786896,0,0
10.74161439,13.18289039,0,0,25.14514278,5.370807195,24.77895138,665.6545887,2172.735638,28.26997605,34.91024677,0,0
10.83471659,13.29715218,0,0,25.36308657,5.417358296,24.99372123,671.424104,2191.567674,28.51500412,35.21282893,0,0
10.80817111,13.26457363,0,0,25.300946,5.404085553,24.93248562,669.7790882,2186.198246,28.44514123,35.12655609,0,0
10.77821156,13.22780509,0,0,25.23081342,5.389105779,24.86337439,667.9225041,2180.138247,28.36629314,35.02918756,0,0
10.68904397,13.11837214,0,0,25.0220802,5.344521984,24.65768097,662.3968156,2162.102075,28.13162026,34.7393929,0,0
10.40447193,12.76912465,0,0,24.35592294,5.202235967,24.00122503,644.7619729,2104.540914,27.38267841,33.81453379,0,0
10.21768625,12.53988767,0,0,23.91867463,5.108843124,23.57034441,633.1869205,2066.759264,26.89109244,33.20748031,0,0
9.874635945,12.11887139,0,0,23.11562505,4.937317973,22.77898974,611.9281972,1997.369543,25.98824642,32.09256682,0,0
9.704814705,11.91045441,0,0,22.71808897,4.852407352,22.38724301,601.4044264,1963.019338,25.54130779,31.54064779,0,0
9.318685802,11.43656894,0,0,21.81419631,4.659342901,21.49651384,577.4761353,1884.915992,24.52508672,30.28572886,0,0
8.918315839,10.9452058,0,0,20.87696662,4.45915792,20.57293313,552.66533,1803.932068,23.47138578,28.98452648,0,0
8.447297529,10.36713788,0,0,19.77435558,4.223648764,19.48637953,523.4764681,1708.657909,22.23175122,27.45371697,0,0
7.896819532,9.691551244,0,0,18.48573663,3.948409766,18.21652688,489.3635135,1597.311224,20.78299322,25.66466348,0,0
7.513447708,9.22104946,0,0,17.58829804,3.756723854,17.33215778,465.6060777,1519.765559,19.77402829,24.41870505,0,0
7.099334778,8.712819955,0,0,16.61889732,3.549667389,16.37687455,439.9436249,1436.001807,18.68415835,23.07283803,0,0
6.525043624,8.008008085,0,0,15.27453394,3.262521812,15.05208927,404.3549761,1319.83837,17.17272845,21.20639178,0,0
6.128044673,7.520782098,0,0,14.34519548,3.064022336,14.13628487,379.7530714,1239.536309,16.12789939,19.91614519,0,0
5.616932361,6.893507898,0,0,13.14872803,2.808466181,12.9572417,348.0795963,1136.152228,14.78274471,18.25503017,0,0
5.045411388,6.192095795,0,0,11.81084939,2.522705694,11.63884673,312.6626148,1020.549122,13.27860543,16.39758701,0,0
4.458583294,5.471897679,0,0,10.43713817,2.229291647,10.28514101,276.2970557,901.8498027,11.73418058,14.49039571,0,0
3.925486727,4.817642802,0,0,9.189207566,1.962743364,9.055384155,243.2612229,794.0189062,10.33116734,12.75783186,0,0
3.332407217,4.089772493,0,0,7.800862348,1.666203608,7.687257556,206.5082654,674.0550961,8.770289902,10.83032345,0,0
2.709840045,3.325712783,0,0,6.343489197,1.354920023,6.251108286,167.9279664,548.1267364,7.131806301,8.806980147,0,0
2.139979725,2.626338754,0,0,5.009497993,1.069989863,4.936544139,132.6138951,432.8595353,5.63203755,6.954934107,0,0
1.668611607,2.047841517,0,0,3.90606808,0.834305803,3.849183593,103.4033556,337.5146205,4.391482365,5.422987722,0,0
1.237358287,1.518576079,0,0,2.896543262,0.618679143,2.854360593,76.67871807,250.2838353,3.256502036,4.021414432,0,0
0.887703224,1.089453957,0,0,2.078032547,0.443851612,2.047769937,55.0106998,179.5581521,2.336273485,2.885035478,0,0
0.596273745,0.731790506,0,0,1.395822631,0.298136873,1.375495117,36.95090332,120.6099167,1.569284085,1.937889673,0,0
0.39955305,0.490360562,0,0,0.935317367,0.199776525,0.921696241,24.76018144,80.81868515,1.051550982,1.298547413,0,0
0.19410067,0.238214458,0,0,0.454372023,0.097050335,0.447754954,12.02835969,39.26127185,0.510837672,0.630827177,0,0
0.087281496,0.107118199,0,0,0.204318047,0.043640748,0.201342541,5.408807843,17.65466619,0.229709027,0.283664861,0,0
0.020847899,0.025586058,0,0,0.048803036,0.01042395,0.048092313,1.291937985,4.216961392,0.05486788,0.067755672,0,0
0.009839549,0.012075811,0,0,0.023033491,0.004919775,0.022698052,0.6097539,1.990272509,0.025895905,0.031978536,0,0
0.005500431,0.006750529,0,0,0.01287601,0.002750216,0.012688495,0.34086006,1.112587236,0.014476135,0.017876402,0,0
0.001663772,0.002041902,0,0,0.00389474,0.000831886,0.00383802,0.103103466,0.336535764,0.004378746,0.00540726,0,0
0.000415943,0.000510476,0,0,0.000973685,0.000207972,0.000959505,0.025775867,0.084133941,0.001094687,0.001351815,0,0
0,0,0,0,0,0,0,0,0,0,0,0,0
0,0,0,0,0,0,0,0,0,0,0,0,0
0,0,0,0,0,0,0,0,0,0,0,0,0
0,0,0,0,0,0,0,0,0,0,0,0,0
0,0,0,0,0,0,0,0,0,0,0,0,0
0,0,0,0,0,0,0,0,0,0,0,0,0
0,0,0,0,0,0,0,0,0,0,0,0,0
0,0,0,0,0,0,0,0,0,0,0,0,0