Load_D_490,Load_D_495,Load_D_494,Load_D_749,Load_D_486,Load_D_487,Load_D_493,Load_D_748,Load_D_747,Load_D_492,Load_D_489,Load_D_491,Load_D_496
9.896551724,6.786206897,7.210344828,0,122.4816092,17.10689655,40.43448276,0,7.917241379,22.19655172,30.53793103,51.74482759,1.696551724
7.603448276,5.213793103,5.539655172,0,94.10172414,13.14310345,31.06551724,0,6.082758621,17.05344828,23.46206897,39.75517241,1.303448276
5.793103448,3.972413793,4.220689655,0,71.69655172,10.0137931,23.66896552,0,4.634482759,12.99310345,17.87586207,30.28965517,0.993103448
5.672413793,3.889655172,4.132758621,0,70.20287356,9.805172414,23.17586207,0,4.537931034,12.72241379,17.50344828,29.65862069,0.972413793
13.87931034,9.517241379,10.11206897,0,171.7729885,23.99137931,56.70689655,0,11.10344828,31.12931034,42.82758621,72.56896552,2.379310345
7.0000000,4.8000000,5.1000000,0.0000000,86.6333333,12.1000000,28.6000000,0.0000000,5.6000000,15.7000000,21.6000000,36.6000000,1.2000000
6.396551724,4.386206897,4.660344828,0,79.16494253,11.05689655,26.13448276,0,5.117241379,14.34655172,19.73793103,33.44482759,1.096551724
5.913793103,4.055172414,4.30862069,0,73.19022989,10.22241379,24.16206897,0,4.731034483,13.2637931,18.24827586,30.92068966,1.013793103
10.98275862,7.531034483,8.001724138,0,135.9247126,18.98448276,44.87241379,0,8.786206897,24.63275862,33.88965517,57.42413793,1.882758621
8.931034483,6.124137931,6.506896552,0,110.5321839,15.43793103,36.48965517,0,7.144827586,20.03103448,27.55862069,46.69655172,1.531034483
5.068965517,3.475862069,3.693103448,0,62.73448276,8.762068966,20.71034483,0,4.055172414,11.36896552,15.64137931,26.50344828,0.868965517
6.75862069,4.634482759,4.924137931,0,83.64597701,11.68275862,27.6137931,0,5.406896552,15.15862069,20.85517241,35.33793103,1.15862069
13.63793103,9.351724138,9.936206897,0,168.7856322,23.57413793,55.72068966,0,10.91034483,30.58793103,42.08275862,71.30689655,2.337931034
14.60344828,10.0137931,10.63965517,0,180.7350575,25.24310345,59.66551724,0,11.68275862,32.75344828,45.06206897,76.35517241,2.503448276
7.120689655,4.882758621,5.187931034,0,88.12701149,12.30862069,29.09310345,0,5.696551724,15.97068966,21.97241379,37.23103448,1.220689655
8.448275862,5.793103448,6.155172414,0,104.5574713,14.60344828,34.51724138,0,6.75862069,18.94827586,26.06896552,44.17241379,1.448275862
10.74137931,7.365517241,7.825862069,0,132.9373563,18.56724138,43.8862069,0,8.593103448,24.09137931,33.14482759,56.16206897,1.84137931
6.034482759,4.137931034,4.396551724,0,74.68390805,10.43103448,24.65517241,0,4.827586207,13.53448276,18.62068966,31.55172414,1.034482759
12.67241379,8.689655172,9.232758621,0,156.8362069,21.90517241,51.77586207,0,10.13793103,28.42241379,39.10344828,66.25862069,2.172413793
9.293103448,6.372413793,6.770689655,0,115.0132184,16.0637931,37.96896552,0,7.434482759,20.84310345,28.67586207,48.58965517,1.593103448
9.413793103,6.455172414,6.85862069,0,116.5068966,16.27241379,38.46206897,0,7.531034483,21.1137931,29.04827586,49.22068966,1.613793103
8.086206897,5.544827586,5.89137931,0,100.0764368,13.97758621,33.03793103,0,6.468965517,18.1362069,24.95172414,42.27931034,1.386206897
14.48275862,9.931034483,10.55172414,0,179.2413793,25.03448276,59.17241379,0,11.5862069,32.48275862,44.68965517,75.72413793,2.482758621
9.655172414,6.620689655,7.034482759,0,119.4942529,16.68965517,39.44827586,0,7.724137931,21.65517241,29.79310345,50.48275862,1.655172414
11.10344828,7.613793103,8.089655172,0,137.4183908,19.19310345,45.36551724,0,8.882758621,24.90344828,34.26206897,58.05517241,1.903448276
9.775862069,6.703448276,7.122413793,0,120.987931,16.89827586,39.94137931,0,7.820689655,21.92586207,30.16551724,51.1137931,1.675862069
13.15517241,9.020689655,9.584482759,0,162.8109195,22.73965517,53.74827586,0,10.52413793,29.50517241,40.59310345,68.78275862,2.255172414
9.172413793,6.289655172,6.682758621,0,113.5195402,15.85517241,37.47586207,0,7.337931034,20.57241379,28.30344828,47.95862069,1.572413793
10.13793103,6.951724138,7.386206897,0,125.4689655,17.52413793,41.42068966,0,8.110344828,22.73793103,31.28275862,53.00689655,1.737931034
13.63793103,9.351724138,9.936206897,0,168.7856322,23.57413793,55.72068966,0,10.91034483,30.58793103,42.08275862,71.30689655,2.337931034
8.568965517,5.875862069,6.243103448,0,106.0511494,14.81206897,35.01034483,0,6.855172414,19.21896552,26.44137931,44.80344828,1.468965517
8.327586207,5.710344828,6.067241379,0,103.0637931,14.39482759,34.02413793,0,6.662068966,18.67758621,25.69655172,43.54137931,1.427586207
17.01724138,11.66896552,12.39827586,0,210.6086207,29.41551724,69.52758621,0,13.6137931,38.16724138,52.51034483,88.97586207,2.917241379
13.03448276,8.937931034,9.496551724,0,161.3172414,22.53103448,53.25517241,0,10.42758621,29.23448276,40.22068966,68.15172414,2.234482759
10.13793103,6.951724138,7.386206897,0,125.4689655,17.52413793,41.42068966,0,8.110344828,22.73793103,31.28275862,53.00689655,1.737931034
16.65517241,11.42068966,12.13448276,0,206.1275862,28.78965517,68.04827586,0,13.32413793,37.35517241,51.39310345,87.08275862,2.855172414
9.775862069,6.703448276,7.122413793,0,120.987931,16.89827586,39.94137931,0,7.820689655,21.92586207,30.16551724,51.1137931,1.675862069
6.155172414,4.220689655,4.484482759,0,76.17758621,10.63965517,25.14827586,0,4.924137931,13.80517241,18.99310345,32.18275862,1.055172414
16.05172414,11.00689655,11.69482759,0,198.6591954,27.74655172,65.58275862,0,12.84137931,36.00172414,49.53103448,83.92758621,2.751724138
30.89655172,21.1862069,22.51034483,0,382.3816092,53.40689655,126.2344828,0,24.71724138,69.29655172,95.33793103,161.5448276,5.296551724
27.03448276,18.53793103,19.69655172,0,334.583908,46.73103448,110.4551724,0,21.62758621,60.63448276,83.42068966,141.3517241,4.634482759
44.89655172,30.7862069,32.71034483,0,555.6482759,77.60689655,183.4344828,0,35.91724138,100.6965517,138.537931,234.7448276,7.696551724
28.48275862,19.53103448,20.75172414,0,352.508046,49.23448276,116.3724138,0,22.7862069,63.88275862,87.88965517,148.9241379,4.882758621
55.63793103,38.15172414,40.5362069,0,688.5856322,96.17413793,227.3206897,0,44.51034483,124.787931,171.6827586,290.9068966,9.537931034
22.93103448,15.72413793,16.70689655,0,283.7988506,39.63793103,93.68965517,0,18.34482759,51.43103448,70.75862069,119.8965517,3.931034483
81.5862069,55.94482759,59.44137931,0,1009.726437,141.0275862,333.337931,0,65.26896552,182.9862069,251.7517241,426.5793103,13.9862069
49.60344828,34.0137931,36.13965517,0,613.9017241,85.74310345,202.6655172,0,39.68275862,111.2534483,153.062069,259.3551724,8.503448276
11.46551724,7.862068966,8.353448276,0,141.8994253,19.81896552,46.84482759,0,9.172413793,25.71551724,35.37931034,59.94827586,1.965517241
6.034482759,4.137931034,4.396551724,0,74.68390805,10.43103448,24.65517241,0,4.827586207,13.53448276,18.62068966,31.55172414,1.034482759
7.844827586,5.379310345,5.715517241,0,97.08908046,13.56034483,32.05172414,0,6.275862069,17.59482759,24.20689655,41.01724138,1.344827586
9.172413793,6.289655172,6.682758621,0,113.5195402,15.85517241,37.47586207,0,7.337931034,20.57241379,28.30344828,47.95862069,1.572413793
7.362068966,5.048275862,5.363793103,0,91.11436782,12.72586207,30.07931034,0,5.889655172,16.51206897,22.71724138,38.49310345,1.262068966
9.413793103,6.455172414,6.85862069,0,116.5068966,16.27241379,38.46206897,0,7.531034483,21.1137931,29.04827586,49.22068966,1.613793103
7.362068966,5.048275862,5.363793103,0,91.11436782,12.72586207,30.07931034,0,5.889655172,16.51206897,22.71724138,38.49310345,1.262068966
5.672413793,3.889655172,4.132758621,0,70.20287356,9.805172414,23.17586207,0,4.537931034,12.72241379,17.50344828,29.65862069,0.972413793
5.793103448,3.972413793,4.220689655,0,71.69655172,10.0137931,23.66896552,0,4.634482759,12.99310345,17.87586207,30.28965517,0.993103448
6.75862069,4.634482759,4.924137931,0,83.64597701,11.68275862,27.6137931,0,5.406896552,15.15862069,20.85517241,35.33793103,1.15862069
7.482758621,5.131034483,5.451724138,0,92.60804598,12.93448276,30.57241379,0,5.986206897,16.78275862,23.08965517,39.12413793,1.282758621
10.98275862,7.531034483,8.001724138,0,135.9247126,18.98448276,44.87241379,0,8.786206897,24.63275862,33.88965517,57.42413793,1.882758621
7.603448276,5.213793103,5.539655172,0,94.10172414,13.14310345,31.06551724,0,6.082758621,17.05344828,23.46206897,39.75517241,1.303448276
11.46551724,7.862068966,8.353448276,0,141.8994253,19.81896552,46.84482759,0,9.172413793,25.71551724,35.37931034,59.94827586,1.965517241
14.36206897,9.848275862,10.4637931,0,177.7477011,24.82586207,58.67931034,0,11.48965517,32.21206897,44.31724138,75.09310345,2.462068966
15.56896552,10.67586207,11.34310345,0,192.6844828,26.91206897,63.61034483,0,12.45517241,34.91896552,48.04137931,81.40344828,2.668965517
17.25862069,11.83448276,12.57413793,0,213.595977,29.83275862,70.5137931,0,13.80689655,38.70862069,53.25517241,90.23793103,2.95862069
16.53448276,11.33793103,12.04655172,0,204.633908,28.58103448,67.55517241,0,13.22758621,37.08448276,51.02068966,86.45172414,2.834482759
13.87931034,9.517241379,10.11206897,0,171.7729885,23.99137931,56.70689655,0,11.10344828,31.12931034,42.82758621,72.56896552,2.379310345
14.84482759,10.17931034,10.81551724,0,183.7224138,25.66034483,60.65172414,0,11.87586207,33.29482759,45.80689655,77.61724138,2.544827586
15.93103448,10.92413793,11.60689655,0,197.1655172,27.53793103,65.08965517,0,12.74482759,35.73103448,49.15862069,83.29655172,2.731034483
16.65517241,11.42068966,12.13448276,0,206.1275862,28.78965517,68.04827586,0,13.32413793,37.35517241,51.39310345,87.08275862,2.855172414
17.74137931,12.16551724,12.92586207,0,219.5706897,30.66724138,72.4862069,0,14.19310345,39.79137931,54.74482759,92.76206897,3.04137931
16.65517241,11.42068966,12.13448276,0,206.1275862,28.78965517,68.04827586,0,13.32413793,37.35517241,51.39310345,87.08275862,2.855172414
17.13793103,11.75172414,12.4862069,0,212.1022989,29.62413793,70.02068966,0,13.71034483,38.43793103,52.88275862,89.60689655,2.937931034
16.29310345,11.17241379,11.87068966,0,201.6465517,28.1637931,66.56896552,0,13.03448276,36.54310345,50.27586207,85.18965517,2.793103448
12.18965517,8.35862069,8.881034483,0,150.8614943,21.07068966,49.80344828,0,9.751724138,27.33965517,37.6137931,63.73448276,2.089655172
9.896551724,6.786206897,7.210344828,0,122.4816092,17.10689655,40.43448276,0,7.917241379,22.19655172,30.53793103,51.74482759,1.696551724
9.896551724,6.786206897,7.210344828,0,122.4816092,17.10689655,40.43448276,0,7.917241379,22.19655172,30.53793103,51.74482759,1.696551724
5.913793103,4.055172414,4.30862069,0,73.19022989,10.22241379,24.16206897,0,4.731034483,13.2637931,18.24827586,30.92068966,1.013793103
6.275862069,4.303448276,4.572413793,0,77.67126437,10.84827586,25.64137931,0,5.020689655,14.07586207,19.36551724,32.8137931,1.075862069
8.448275862,5.793103448,6.155172414,0,104.5574713,14.60344828,34.51724138,0,6.75862069,18.94827586,26.06896552,44.17241379,1.448275862
5.189655172,3.55862069,3.781034483,0,64.22816092,8.970689655,21.20344828,0,4.151724138,11.63965517,16.0137931,27.13448276,0.889655172
5.310344828,3.64137931,3.868965517,0,65.72183908,9.179310345,21.69655172,0,4.248275862,11.91034483,16.3862069,27.76551724,0.910344828
6.637931034,4.551724138,4.836206897,0,82.15229885,11.47413793,27.12068966,0,5.310344828,14.88793103,20.48275862,34.70689655,1.137931034
6.396551724,4.386206897,4.660344828,0,79.16494253,11.05689655,26.13448276,0,5.117241379,14.34655172,19.73793103,33.44482759,1.096551724
3.982758621,2.731034483,2.901724138,0,49.29137931,6.884482759,16.27241379,0,3.186206897,8.932758621,12.28965517,20.82413793,0.682758621
5.189655172,3.55862069,3.781034483,0,64.22816092,8.970689655,21.20344828,0,4.151724138,11.63965517,16.0137931,27.13448276,0.889655172
7.844827586,5.379310345,5.715517241,0,97.08908046,13.56034483,32.05172414,0,6.275862069,17.59482759,24.20689655,41.01724138,1.344827586
5.913793103,4.055172414,4.30862069,0,73.19022989,10.22241379,24.16206897,0,4.731034483,13.2637931,18.24827586,30.92068966,1.013793103
3.862068966,2.648275862,2.813793103,0,47.79770115,6.675862069,15.77931034,0,3.089655172,8.662068966,11.91724138,20.19310345,0.662068966
5.310344828,3.64137931,3.868965517,0,65.72183908,9.179310345,21.69655172,0,4.248275862,11.91034483,16.3862069,27.76551724,0.910344828
8.086206897,5.544827586,5.89137931,0,100.0764368,13.97758621,33.03793103,0,6.468965517,18.1362069,24.95172414,42.27931034,1.386206897
4.465517241,3.062068966,3.253448276,0,55.26609195,7.718965517,18.24482759,0,3.572413793,10.01551724,13.77931034,23.34827586,0.765517241
3.74137931,2.565517241,2.725862069,0,46.30402299,6.467241379,15.2862069,0,2.993103448,8.39137931,11.54482759,19.56206897,0.64137931
6.637931034,4.551724138,4.836206897,0,82.15229885,11.47413793,27.12068966,0,5.310344828,14.88793103,20.48275862,34.70689655,1.137931034
7.603448276,5.213793103,5.539655172,0,94.10172414,13.14310345,31.06551724,0,6.082758621,17.05344828,23.46206897,39.75517241,1.303448276
3.74137931,2.565517241,2.725862069,0,46.30402299,6.467241379,15.2862069,0,2.993103448,8.39137931,11.54482759,19.56206897,0.64137931
4.465517241,3.062068966,3.253448276,0,55.26609195,7.718965517,18.24482759,0,3.572413793,10.01551724,13.77931034,23.34827586,0.765517241